channel_name,channel_handle,date,youtube_views,youtube_rsi,live_stream_count,fear_greed_value,fear_greed_classification,btc_price_close,btc_price_high,btc_price_low,btc_volume
,,2024-09-01,,,,26,Fear,57313.44,59085.64,57217.94,1298154355
,,2024-09-02,,,,26,Fear,59147.80,59431.04,57135.27,1383666271
Micha.Stocks,@Micha.Stocks,2024-09-03,13377,,3,26,Fear,57481.84,59825.44,57411.84,1548986994
Micha.Stocks,@Micha.Stocks,2024-09-04,13173,,2,27,Fear,57975.52,58532.47,55625.58,2458579315
Micha.Stocks,@Micha.Stocks,2024-09-05,11793,,2,29,Fear,56167.40,58329.93,55651.61,2198240197
Micha.Stocks,@Micha.Stocks,2024-09-06,19989,,1,22,Extreme Fear,53954.33,57004.28,52552.05,3807917187
,,2024-09-07,,,,23,Extreme Fear,54167.82,54852.05,53742.58,925092004
,,2024-09-08,,,,29,Fear,54879.33,55321.44,53631.93,1042880564
Micha.Stocks,@Micha.Stocks,2024-09-09,12828,,2,26,Fear,57056.31,58005.33,54591.28,2385673386
Micha.Stocks,@Micha.Stocks,2024-09-10,11870,,2,33,Fear,57642.43,58050.66,56397.36,1908344975
Micha.Stocks,@Micha.Stocks,2024-09-11,10557,,1,37,Fear,57354.27,58002.86,55554.25,3160608628
Micha.Stocks,@Micha.Stocks,2024-09-12,12033,,2,31,Fear,58140.61,58573.29,57330.99,2373500503
Micha.Stocks,@Micha.Stocks,2024-09-13,11625,,1,32,Fear,60548.12,60666.01,57637.58,2401277044
,,2024-09-14,,,,50,Neutral,60013.26,60653.12,59433.38,903199598
,,2024-09-15,,,,51,Neutral,59139.21,60409.32,58697.69,1146142290
Micha.Stocks,@Micha.Stocks,2024-09-16,8304,,1,39,Fear,58210.01,59215.73,57486.82,1927790315
Micha.Stocks,@Micha.Stocks,2024-09-17,11247,,2,33,Fear,60321.59,61356.68,57624.63,2440680770
Micha.Stocks,@Micha.Stocks,2024-09-18,23708,,1,45,Fear,61775.68,61794.54,59185.20,2902628125
Micha.Stocks,@Micha.Stocks,2024-09-19,13896,,2,49,Neutral,62963.41,63881.87,61582.28,2939807292
Micha.Stocks,@Micha.Stocks,2024-09-20,11934,,1,54,Neutral,63211.47,64131.22,62345.57,2188110864
,,2024-09-21,,,,54,Neutral,63363.17,63548.08,62767.25,766364348
,,2024-09-22,,,,52,Neutral,63587.45,64015.58,62394.47,1190921326
Micha.Stocks,@Micha.Stocks,2024-09-23,7458,,1,50,Neutral,63341.97,64749.32,62584.50,1734107185
Micha.Stocks,@Micha.Stocks,2024-09-24,10634,,2,54,Neutral,64276.65,64698.02,62710.48,2045185242
Micha.Stocks,@Micha.Stocks,2024-09-25,11436,,2,59,Greed,63144.83,64823.35,62938.97,1526541479
Micha.Stocks,@Micha.Stocks,2024-09-26,12533,,1,50,Neutral,65183.68,65861.15,62660.36,2800234986
Micha.Stocks,@Micha.Stocks,2024-09-27,12047,,2,61,Greed,65790.28,66547.69,64839.11,2378877920
,,2024-09-28,,,,64,Greed,65868.67,66267.41,65442.19,682765289
,,2024-09-29,,,,63,Greed,65611.98,66081.97,65440.30,758322139
Micha.Stocks,@Micha.Stocks,2024-09-30,11088,,2,61,Greed,63314.81,65627.43,62846.03,2712227231
Micha.Stocks,@Micha.Stocks,2024-10-01,9889,,2,50,Neutral,60790.06,64112.99,60156.13,4189744833
Micha.Stocks,@Micha.Stocks,2024-10-02,10485,,2,42,Fear,60641.80,62383.28,59976.82,3402156877
Micha.Stocks,@Micha.Stocks,2024-10-03,7913,,1,37,Fear,60746.35,61478.71,59846.16,3058499959
Micha.Stocks,@Micha.Stocks,2024-10-04,13207,,1,41,Fear,62094.06,62480.52,60458.33,2395319328
,,2024-10-05,,,,49,Neutral,62059.19,62377.77,61689.84,625465515
,,2024-10-06,,,,50,Neutral,62821.76,62976.08,61815.61,838451339
,,2024-10-07,,,,50,Neutral,62209.84,64458.38,62129.23,2602786910
Micha.Stocks,@Micha.Stocks,2024-10-08,11009,,1,49,Neutral,62129.17,63185.68,61832.71,2090901005
Micha.Stocks,@Micha.Stocks,2024-10-09,11635,,2,49,Neutral,60585.22,62513.84,60252.65,2311387233
Micha.Stocks,@Micha.Stocks,2024-10-10,13692,,1,39,Fear,60280.38,61251.26,58869.24,2553922274
Micha.Stocks,@Micha.Stocks,2024-10-11,23076,,1,32,Fear,62517.42,63418.56,60039.18,2236421716
,,2024-10-12,,,,49,Neutral,63197.03,63469.71,62473.78,987509499
,,2024-10-13,,,,50,Neutral,62854.48,63276.36,62036.49,1051974825
Micha.Stocks,@Micha.Stocks,2024-10-14,11656,,1,48,Neutral,66068.25,66494.04,62438.82,3279898051
Micha.Stocks,@Micha.Stocks,2024-10-15,11572,,2,65,Greed,67064.69,67938.85,64791.36,3442311151
Micha.Stocks,@Micha.Stocks,2024-10-16,11002,,2,73,Greed,67614.71,68401.67,66752.45,2841013477
Micha.Stocks,@Micha.Stocks,2024-10-17,9572,,2,71,Greed,67408.87,67931.28,66643.91,2154293296
Micha.Stocks,@Micha.Stocks,2024-10-18,12912,,1,73,Greed,68425.63,69016.74,67167.07,2516405877
,,2024-10-19,,,,72,Greed,68370.04,68681.33,68009.42,526753639
,,2024-10-20,,,,73,Greed,69020.94,69385.31,68094.66,824334290
Micha.Stocks,@Micha.Stocks,2024-10-21,12071,,2,72,Greed,67358.14,69501.44,66811.42,2480399717
Micha.Stocks,@Micha.Stocks,2024-10-22,10128,,1,70,Greed,67390.32,67800.62,66540.70,2184452854
Micha.Stocks,@Micha.Stocks,2024-10-23,9943,,1,71,Greed,66612.97,67436.29,65171.54,2154644448
Micha.Stocks,@Micha.Stocks,2024-10-24,14032,,1,69,Greed,68163.56,68812.40,66456.70,2144280258
Micha.Stocks,@Micha.Stocks,2024-10-25,12153,,1,72,Greed,66577.77,68745.57,65510.53,2952724944
,,2024-10-26,,,,,,67014.72,67366.46,66343.25,946447394
,,2024-10-27,,,,74,Greed,67945.14,68254.55,66852.50,818581011
Micha.Stocks,@Micha.Stocks,2024-10-28,11449,,1,72,Greed,69925.83,70241.74,67541.00,2902994091
Micha.Stocks,@Micha.Stocks,2024-10-29,14971,,1,72,Greed,72723.67,73612.24,69725.05,4194343294
Micha.Stocks,@Micha.Stocks,2024-10-30,14266,,2,77,Extreme Greed,72331.96,72945.06,71408.40,2769522546
Micha.Stocks,@Micha.Stocks,2024-10-31,15978,,2,77,Extreme Greed,70207.54,72675.24,69585.02,2794856637
,,2024-11-01,,,,75,Greed,69473.41,71616.01,68755.75,3429441961
,,2024-11-02,,,,72,Greed,69354.01,69884.38,69006.88,750733289
,,2024-11-03,,,,74,Greed,68747.04,69364.80,67457.91,2028670649
,,2024-11-04,,,,70,Greed,67811.95,69453.56,66793.64,2939056974
,,2024-11-05,,,,70,Greed,69378.09,70540.03,67432.99,3274519977
Micha.Stocks,@Micha.Stocks,2024-11-06,12571,,1,70,Greed,75643.57,76482.20,69295.92,8601347746
,,2024-11-07,,,,77,Extreme Greed,75922.41,76963.92,74472.09,4433063856
,,2024-11-08,,,,75,Greed,76562.31,77289.29,75656.70,3714364388
,,2024-11-09,,,,75,Greed,76716.41,76949.29,75763.57,1208160964
,,2024-11-10,,,,78,Extreme Greed,80429.43,81520.53,76545.66,4582398469
,,2024-11-11,,,,76,Extreme Greed,88758.31,89644.70,80283.65,8845679630
Micha.Stocks,@Micha.Stocks,2024-11-12,12879,,1,80,Extreme Greed,88040.54,90006.57,85125.04,10326697667
,,2024-11-13,,,,84,Extreme Greed,90498.51,93479.86,86252.86,11250681620
,,2024-11-14,,,,88,Extreme Greed,87334.19,91817.29,86679.10,7309565757
,,2024-11-15,,,,80,Extreme Greed,91058.92,91897.76,87118.43,6353615969
,,2024-11-16,,,,86,Extreme Greed,90630.94,91810.87,90092.82,2501576428
,,2024-11-17,,,,90,Extreme Greed,89877.16,91436.45,88728.28,2791320512
,,2024-11-18,,,,83,Extreme Greed,90514.83,92649.98,87547.97,6006522738
Micha.Stocks,@Micha.Stocks,2024-11-19,18922,,1,90,Extreme Greed,92418.48,94056.90,90414.27,5995386487
Micha.Stocks,@Micha.Stocks,2024-11-20,25958,,1,83,Extreme Greed,94379.92,95056.10,91612.46,6579886465
Micha.Stocks,@Micha.Stocks,2024-11-21,14065,,1,82,Extreme Greed,98436.25,99056.40,94152.97,8678686264
,,2024-11-22,,,,94,Extreme Greed,99010.89,99772.99,97207.77,7337283038
,,2024-11-23,,,,93,Extreme Greed,97765.04,99023.88,97219.23,2853544178
,,2024-11-24,,,,80,Extreme Greed,98018.20,98670.34,95781.20,2940396080
Micha.Stocks,@Micha.Stocks,2024-11-25,12372,,1,82,Extreme Greed,93019.38,98974.51,92592.66,6533804396
,,2024-11-26,,,,79,Extreme Greed,91903.89,95007.52,90730.54,7150066319
,,2024-11-27,,,,75,Greed,95957.51,97373.56,91757.22,4533983271
,,2024-11-28,,,,77,Extreme Greed,95670.41,96672.28,94677.17,2311939500
,,2024-11-29,,,,78,Extreme Greed,97510.92,98735.69,95391.39,3883366950
,,2024-11-30,,,,84,Extreme Greed,96473.51,97514.26,96137.13,1215861239
,,2024-12-01,,,,81,Extreme Greed,97276.47,97896.77,95752.22,1659820135
Micha.Stocks,@Micha.Stocks,2024-12-02,11086,,1,80,Extreme Greed,95859.75,98219.29,94419.96,5040855659
Micha.Stocks,@Micha.Stocks,2024-12-03,10325,,1,76,Extreme Greed,95928.37,96304.02,93590.91,5033493735
Micha.Stocks,@Micha.Stocks,2024-12-04,12150,,1,78,Extreme Greed,98751.87,99226.36,94663.42,5727735676
,,2024-12-05,,,,84,Extreme Greed,97053.82,104028.51,91741.97,12041439287
,,2024-12-06,,,,72,Greed,99897.97,102088.57,96427.00,5653979066
,,2024-12-07,,,,75,Greed,99926.38,100578.80,99025.63,1728102575
,,2024-12-08,,,,79,Extreme Greed,101189.81,101430.60,98730.22,1785051035
,,2024-12-09,,,,78,Extreme Greed,97338.34,101290.02,94567.01,6847958219
,,2024-12-10,,,,78,Extreme Greed,96657.88,98316.66,94284.00,6621616095
Micha.Stocks,@Micha.Stocks,2024-12-11,23206,,2,74,Greed,101203.07,101979.09,95730.76,5482015399
Micha.Stocks,@Micha.Stocks,2024-12-12,20741,,1,83,Extreme Greed,100041.98,102598.04,99311.56,4765401240
,,2024-12-13,,,,76,Extreme Greed,101429.78,101947.10,99232.64,3492131955
,,2024-12-14,,,,83,Extreme Greed,101402.95,102653.76,100606.28,1683710017
,,2024-12-15,,,,80,Extreme Greed,104424.54,105140.47,101228.16,2557994218
,,2024-12-16,,,,83,Extreme Greed,106089.20,107829.08,103299.75,6398449052
Micha.Stocks,@Micha.Stocks,2024-12-17,19872,,1,87,Extreme Greed,106140.14,108369.13,105308.99,4365460606
Micha.Stocks,@Micha.Stocks,2024-12-18,33149,,1,81,Extreme Greed,100147.26,106502.15,99946.11,7727995790
,,2024-12-19,,,,75,Greed,97381.10,102767.84,95555.55,8011759335
Micha.Stocks,@Micha.Stocks,2024-12-20,25716,,1,74,Greed,97769.49,98131.87,92144.03,8141536427
,,2024-12-21,,,,73,Greed,97223.39,99529.45,96379.46,2907358272
,,2024-12-22,,,,73,Greed,95098.66,97387.01,94186.04,2842280144
Micha.Stocks,@Micha.Stocks,2024-12-23,14759,,1,70,Greed,94771.64,96428.13,92378.53,5422281369
Micha.Stocks,@Micha.Stocks,2024-12-24,23162,,1,73,Greed,98606.93,99439.54,93437.90,3967574826
,,2024-12-25,,,,73,Greed,99356.06,99484.75,97568.85,2147049999
,,2024-12-26,,,,79,Extreme Greed,95680.19,99888.75,95098.08,3704007593
,,2024-12-27,,,,74,Greed,94170.09,97351.17,93270.34,4479654695
,,2024-12-28,,,,72,Greed,95140.15,95542.25,94008.53,1339743546
,,2024-12-29,,,,73,Greed,93564.85,95175.67,92850.44,1684134736
Micha.Stocks,@Micha.Stocks,2024-12-30,22660,,1,65,Greed,92646.21,94910.24,91310.52,5287498463
,,2024-12-31,,,,64,Greed,93391.98,96139.70,91894.97,3659994868
,,2025-01-01,,,,66,Greed,94392.51,94953.50,92728.81,1798161468
,,2025-01-02,,,,70,Greed,96900.96,97766.59,94197.85,3693985155
,,2025-01-03,,,,74,Greed,98135.80,98963.23,96021.74,2773288956
,,2025-01-04,,,,73,Greed,98213.69,98757.16,97522.47,972181437
,,2025-01-05,,,,72,Greed,98346.97,98818.40,97248.40,967941540
Micha.Stocks,@Micha.Stocks,2025-01-06,14771,,1,76,Extreme Greed,102282.20,102530.34,97908.09,4654078183
Micha.Stocks,@Micha.Stocks,2025-01-07,16595,,1,78,Extreme Greed,96942.47,102747.54,96112.95,5348079997
Micha.Stocks,@Micha.Stocks,2025-01-08,21828,,1,70,Greed,95051.06,97251.53,92488.45,5480363249
,,2025-01-09,,,,69,Greed,92548.12,95345.44,91197.56,4696698492
Micha.Stocks,@Micha.Stocks,2025-01-10,18331,,1,50,Neutral,94710.29,95845.36,92206.53,5217667771
,,2025-01-11,,,,69,Greed,94569.95,94985.54,93826.56,905586720
,,2025-01-12,,,,62,Greed,94505.67,95388.08,93675.70,1027482280
,,2025-01-13,,,,61,Greed,94517.66,95894.16,89153.40,6274787648
,,2025-01-14,,,,63,Greed,96526.87,97357.87,94324.09,4263471095
Micha.Stocks,@Micha.Stocks,2025-01-15,27544,,1,70,Greed,100510.84,100719.11,96466.75,4261664752
Micha.Stocks,@Micha.Stocks,2025-01-16,12735,,1,75,Greed,99979.43,100867.35,97275.38,4314930790
,,2025-01-17,,,,75,Greed,104111.13,105926.06,99941.15,5613810480
,,2025-01-18,,,,77,Extreme Greed,104431.52,104927.11,102234.37,2633222971
,,2025-01-19,,,,77,Extreme Greed,101212.56,106317.18,99537.53,4325905602
,,2025-01-20,,,,76,Extreme Greed,102148.74,109340.21,99449.75,7208305685
Micha.Stocks,@Micha.Stocks,2025-01-21,12814,,1,76,Extreme Greed,106155.61,107252.77,100069.04,8798621119
Micha.Stocks,@Micha.Stocks,2025-01-22,12830,,1,84,Extreme Greed,103669.08,106398.57,103321.48,4603973397
Micha.Stocks,@Micha.Stocks,2025-01-23,19450,,1,75,Greed,103933.88,106865.30,101221.00,9801561615
Micha.Stocks,@Micha.Stocks,2025-01-24,17596,,1,75,Greed,104854.78,107170.86,102751.09,4233037158
,,2025-01-25,,,,75,Greed,104733.15,105282.15,104107.08,1239370332
,,2025-01-26,,,,73,Greed,102576.93,105475.33,102487.80,1469434498
Micha.Stocks,@Micha.Stocks,2025-01-27,43801,,1,71,Greed,102065.72,103230.24,97712.77,9486896779
Micha.Stocks,@Micha.Stocks,2025-01-28,24356,,1,72,Greed,101284.47,103787.72,100221.08,4510250877
Micha.Stocks,@Micha.Stocks,2025-01-29,22119,,1,72,Greed,103742.97,104796.98,101279.83,4842279589
,,2025-01-30,,,,70,Greed,104739.58,106472.04,103297.81,3857857706
Micha.Stocks,@Micha.Stocks,2025-01-31,22160,,1,76,Extreme Greed,102412.41,106101.91,101514.21,4378171064
,,2025-02-01,,,,68,Greed,100619.87,102768.26,100270.22,1595801666
,,2025-02-02,,,,60,Greed,97665.06,101436.90,96158.45,5562003742
Micha.Stocks,@Micha.Stocks,2025-02-03,35329,,1,44,Fear,101451.28,102575.82,91142.87,11504010038
Micha.Stocks,@Micha.Stocks,2025-02-04,18847,,2,72,Greed,97794.88,101800.32,95090.81,6271562967
Micha.Stocks,@Micha.Stocks,2025-02-05,15720,,1,54,Neutral,96633.71,99208.65,96175.47,4171560523
,,2025-02-06,,,,49,Neutral,96564.27,99180.75,95691.57,4349625341
,,2025-02-07,,,,44,Fear,96532.73,100202.29,95630.04,5075285222
,,2025-02-08,,,,44,Fear,96475.59,96906.35,95685.31,1207354074
,,2025-02-09,,,,46,Fear,96485.60,97340.86,94752.27,1791686347
Micha.Stocks,@Micha.Stocks,2025-02-10,14031,,1,43,Fear,97458.59,98363.35,95276.70,2731410652
Micha.Stocks,@Micha.Stocks,2025-02-11,20178,,1,47,Neutral,95781.05,98499.44,94852.37,2800036234
Micha.Stocks,@Micha.Stocks,2025-02-12,26570,,1,46,Fear,97874.61,98127.45,94087.33,3853980408
Micha.Stocks,@Micha.Stocks,2025-02-13,21075,,1,50,Neutral,96632.78,98104.11,95225.08,2236344586
,,2025-02-14,,,,48,Neutral,97508.71,98869.28,96282.72,1966704818
,,2025-02-15,,,,50,Neutral,97596.21,97979.54,97245.24,569120592
,,2025-02-16,,,,54,Neutral,96132.69,97728.27,96069.15,643146269
,,2025-02-17,,,,51,Neutral,95790.31,97046.20,95226.61,1398128551
Micha.Stocks,@Micha.Stocks,2025-02-18,13371,,1,47,Neutral,95630.67,96736.69,93361.47,2502902526
,,2025-02-19,,,,44,Fear,96640.99,96885.35,95032.61,1637124692
,,2025-02-20,,,,49,Neutral,98345.66,98763.14,96430.11,2057024375
,,2025-02-21,,,,55,Greed,96150.27,99519.21,94775.25,3928905118
,,2025-02-22,,,,49,Neutral,96580.46,96973.86,95771.79,1126120706
,,2025-02-23,,,,50,Neutral,96274.12,96674.04,95255.75,718043734
Micha.Stocks,@Micha.Stocks,2025-02-24,18564,,1,49,Neutral,91536.97,96514.26,91349.77,2945422583
,,2025-02-25,,,,25,Extreme Fear,88609.26,92540.35,85944.14,6473414679
Micha.Stocks,@Micha.Stocks,2025-02-26,40679,,1,21,Extreme Fear,84128.38,89320.19,82199.13,5069737664
Micha.Stocks,@Micha.Stocks,2025-02-27,19461,,1,10,Extreme Fear,84657.34,87008.08,82601.58,3929681160
Micha.Stocks,@Micha.Stocks,2025-02-28,21484,,1,16,Extreme Fear,84322.57,85114.25,78203.72,6502539275
,,2025-03-01,,,,20,Extreme Fear,86050.58,86537.62,83798.96,1577375765
,,2025-03-02,,,,26,Fear,94275.76,95106.04,85047.82,4350642164
Micha.Stocks,@Micha.Stocks,2025-03-03,23663,,1,33,Fear,86158.95,94415.65,85071.66,5844734403
,,2025-03-04,,,,15,Extreme Fear,87255.42,88941.97,81449.43,5671376307
Micha.Stocks,@Micha.Stocks,2025-03-05,15097,,1,20,Extreme Fear,90610.80,91001.98,86341.87,3457722669
Micha.Stocks,@Micha.Stocks,2025-03-06,17764,,1,25,Extreme Fear,89931.91,92808.83,87818.33,3512025157
,,2025-03-07,,,,34,Fear,86766.61,91275.25,84649.25,6196139351
,,2025-03-08,,,,28,Fear,86225.00,86860.89,85206.97,910862167
,,2025-03-09,,,,27,Fear,80719.05,86509.85,80006.76,1952362588
,,2025-03-10,,,,20,Extreme Fear,78561.62,84037.25,77420.92,4414695362
Micha.Stocks,@Micha.Stocks,2025-03-11,16698,,1,24,Extreme Fear,82919.47,83608.26,76581.52,3744822904
Micha.Stocks,@Micha.Stocks,2025-03-12,27923,,1,34,Fear,83665.14,84410.29,80596.11,2750448405
Micha.Stocks,@Micha.Stocks,2025-03-13,18111,,1,45,Fear,81081.43,84307.29,79915.40,2112762232
,,2025-03-14,,,,27,Fear,83995.47,85315.90,80787.81,2317052000
,,2025-03-15,,,,46,Fear,84355.92,84688.82,83628.73,512466916
,,2025-03-16,,,,30,Fear,82572.37,85083.10,81992.19,1094031605
Micha.Stocks,@Micha.Stocks,2025-03-17,21617,,1,32,Fear,84025.12,84760.98,82442.95,1667911609
Micha.Stocks,@Micha.Stocks,2025-03-18,20928,,1,34,Fear,82716.74,84039.30,81137.39,1721702160
Micha.Stocks,@Micha.Stocks,2025-03-19,18257,,1,32,Fear,86878.50,87036.45,82562.03,2600942940
Micha.Stocks,@Micha.Stocks,2025-03-20,17108,,1,49,Neutral,84178.31,87483.40,83611.66,2135028137
Micha.Stocks,@Micha.Stocks,2025-03-21,17679,,1,31,Fear,84060.48,84798.70,83129.17,1326866772
,,2025-03-22,,,,32,Fear,83837.39,84503.68,83661.65,402548876
,,2025-03-23,,,,30,Fear,86091.67,86126.45,83807.20,632787992
Micha.Stocks,@Micha.Stocks,2025-03-24,14562,,1,45,Fear,87520.48,88782.52,85546.71,2301262366
,,2025-03-25,,,,46,Fear,87439.70,88575.00,86325.18,2023574451
Micha.Stocks,@Micha.Stocks,2025-03-26,16908,,1,47,Neutral,86923.95,88297.12,85867.66,1711822848
,,2025-03-27,,,,40,Fear,87218.89,87779.02,85817.84,1476492894
,,2025-03-28,,,,44,Fear,84387.01,87492.39,83544.63,2152567384
,,2025-03-29,,,,26,Fear,82625.65,84583.02,81634.23,938834818
,,2025-03-30,,,,32,Fear,82379.51,83516.72,81563.47,839590269
Micha.Stocks,@Micha.Stocks,2025-03-31,21101,,1,34,Fear,82539.52,83917.40,81290.13,1894666417
Micha.Stocks,@Micha.Stocks,2025-04-01,14197,,1,34,Fear,85174.96,85554.98,82419.98,1962356063
Micha.Stocks,@Micha.Stocks,2025-04-02,34720,,1,44,Fear,82490.58,88505.24,82299.20,3519914220
,,2025-04-03,,,,25,Extreme Fear,83158.80,83928.41,81178.57,2335462308
Micha.Stocks,@Micha.Stocks,2025-04-04,35220,,1,28,Fear,83860.21,84716.02,81648.68,3085885741
,,2025-04-05,,,,30,Fear,83503.37,84230.44,82357.52,622496989
,,2025-04-06,,,,34,Fear,78365.57,83756.10,77079.93,2374631982
Micha.Stocks,@Micha.Stocks,2025-04-07,18724,,1,23,Extreme Fear,79143.06,81172.27,74426.93,5546499783
Micha.Stocks,@Micha.Stocks,2025-04-08,18538,,1,24,Extreme Fear,76255.10,80835.83,76181.24,3084760821
Micha.Stocks,@Micha.Stocks,2025-04-09,36296,,1,18,Extreme Fear,82587.03,83574.06,74569.86,4963132858
,,2025-04-10,,,,39,Fear,79554.96,82710.13,78405.82,2526317821
,,2025-04-11,,,,25,Extreme Fear,83386.00,84266.51,78924.27,2412186958
,,2025-04-12,,,,43,Fear,85272.12,85899.74,82766.93,1196895443
,,2025-04-13,,,,45,Fear,83730.92,86079.47,83019.76,1375187409
Micha.Stocks,@Micha.Stocks,2025-04-14,17159,,1,31,Fear,84575.75,85796.21,83667.03,2042899221
Micha.Stocks,@Micha.Stocks,2025-04-15,22652,,1,38,Fear,83638.17,86473.18,83596.04,1548187877
,,2025-04-16,,,,29,Fear,84029.40,85485.35,83094.96,1871983984
,,2025-04-17,,,,30,Fear,84943.42,85472.23,83725.98,1288802971
,,2025-04-18,,,,33,Fear,84459.96,85132.75,84287.73,465771169
,,2025-04-19,,,,32,Fear,85061.54,85614.27,84355.70,454642235
,,2025-04-20,,,,37,Fear,85167.14,85302.30,83954.54,482671708
Micha.Stocks,@Micha.Stocks,2025-04-21,22747,,1,39,Fear,87515.57,88526.30,85132.52,2657452654
Micha.Stocks,@Micha.Stocks,2025-04-22,20417,,1,47,Neutral,93483.30,93937.07,87084.84,3880446944
Micha.Stocks,@Micha.Stocks,2025-04-23,14649,,1,72,Greed,93729.23,94656.65,91943.03,3081124602
Micha.Stocks,@Micha.Stocks,2025-04-24,23793,,1,63,Greed,94022.48,94047.54,91693.21,2000861099
,,2025-04-25,,,,60,Greed,94711.24,95924.19,92883.11,3078073391
,,2025-04-26,,,,65,Greed,94663.66,95258.03,93916.48,698471646
,,2025-04-27,,,,61,Greed,93777.44,95346.43,93671.22,726739227
Micha.Stocks,@Micha.Stocks,2025-04-28,20531,,1,54,Neutral,95035.06,95636.66,92864.35,1925071151
Micha.Stocks,@Micha.Stocks,2025-04-29,20685,,1,60,Greed,94274.16,95487.20,93780.51,1599631635
,,2025-04-30,,,,56,Greed,94186.14,95250.77,92968.85,2024539252
Micha.Stocks,@Micha.Stocks,2025-05-01,17119,,2,53,Neutral,96519.31,97505.38,94150.92,2278228402
,,2025-05-02,,,,67,Greed,96925.07,97939.99,96386.78,1571644596
,,2025-05-03,,,,65,Greed,95903.14,96963.89,95826.00,682121711
,,2025-05-04,,,,64,Greed,94394.09,96326.95,94313.27,1046015846
Micha.Stocks,@Micha.Stocks,2025-05-05,18721,,1,52,Neutral,94767.95,95224.21,93694.42,1661608010
Micha.Stocks,@Micha.Stocks,2025-05-06,13484,,1,59,Greed,96835.87,96911.52,93382.91,1735613082
Micha.Stocks,@Micha.Stocks,2025-05-07,18311,,1,67,Greed,97052.27,97720.02,95816.56,1936285634
,,2025-05-08,,,,65,Greed,103259.00,104147.97,96905.18,4054486165
,,2025-05-09,,,,73,Greed,102982.30,104353.74,102332.43,2345592247
,,2025-05-10,,,,70,Greed,104814.08,104980.23,102830.20,944047262
,,2025-05-11,,,,70,Greed,104124.02,104958.29,103353.87,1144137614
Micha.Stocks,@Micha.Stocks,2025-05-12,27012,,2,70,Greed,102802.44,105783.35,100723.18,2862364942
Micha.Stocks,@Micha.Stocks,2025-05-13,22600,,1,70,Greed,104136.59,105015.14,101466.16,2105889171
Micha.Stocks,@Micha.Stocks,2025-05-14,14504,,1,73,Greed,103543.76,104357.47,102615.68,1716689621
Micha.Stocks,@Micha.Stocks,2025-05-15,19446,,2,70,Greed,103787.64,104197.65,101407.14,1837798016
,,2025-05-16,,,,71,Greed,103499.60,104594.19,103138.18,1506289579
,,2025-05-17,,,,74,Greed,103159.32,103729.29,102642.39,601366594
,,2025-05-18,,,,74,Greed,106488.62,106670.63,103144.58,1361010736
,,2025-05-19,,,,74,Greed,105618.19,107117.46,102104.37,2480463389
Micha.Stocks,@Micha.Stocks,2025-05-20,16961,,1,71,Greed,106875.88,107339.72,104220.59,2062199314
Micha.Stocks,@Micha.Stocks,2025-05-21,19482,,1,70,Greed,109699.86,110778.49,106133.62,4104199577
Micha.Stocks,@Micha.Stocks,2025-05-22,18509,,1,72,Greed,111722.11,111998.96,109250.40,2820234493
Micha.Stocks,@Micha.Stocks,2025-05-23,19368,,1,78,Extreme Greed,107332.91,111810.26,106807.62,2775108378
,,2025-05-24,,,,66,Greed,107779.46,109512.56,106896.28,972112098
,,2025-05-25,,,,74,Greed,109041.44,109349.07,106643.02,1080850082
,,2025-05-26,,,,73,Greed,109461.24,110459.23,108718.82,1568531304
Micha.Stocks,@Micha.Stocks,2025-05-27,13026,,1,74,Greed,108975.95,110802.20,107543.83,2520257081
Micha.Stocks,@Micha.Stocks,2025-05-28,18587,,1,71,Greed,107821.11,109328.61,106799.94,2010518282
Micha.Stocks,@Micha.Stocks,2025-05-29,17918,,2,74,Greed,105586.78,108929.95,105327.79,2610280802
Micha.Stocks,@Micha.Stocks,2025-05-30,18294,,1,60,Greed,104039.27,106348.19,103650.43,2473658025
,,2025-05-31,,,,50,Neutral,104654.65,104959.61,103127.75,890138427
,,2025-06-01,,,,56,Greed,105702.19,105924.77,103823.88,788781340
Micha.Stocks,@Micha.Stocks,2025-06-02,11350,,1,64,Greed,105908.79,105988.22,103708.71,1589665626
Micha.Stocks,@Micha.Stocks,2025-06-03,12249,,1,64,Greed,105447.66,106888.12,104926.88,1652394373
Micha.Stocks,@Micha.Stocks,2025-06-04,12279,,1,62,Greed,104746.00,106044.55,104206.69,1327155926
Micha.Stocks,@Micha.Stocks,2025-06-05,27860,,2,57,Greed,101580.61,105975.11,100418.61,2835254364
,,2025-06-06,,,,45,Fear,104392.54,105426.24,101174.97,2391698461
,,2025-06-07,,,,52,Neutral,105625.23,105974.42,103976.29,903776492
,,2025-06-08,,,,62,Greed,105779.28,106537.25,105042.03,621667329
,,2025-06-09,,,,62,Greed,110302.12,110543.89,105372.62,1927020529
,,2025-06-10,,,,71,Greed,110296.20,110403.60,108373.44,1712252251
Micha.Stocks,@Micha.Stocks,2025-06-11,24472,,1,72,Greed,108676.78,110425.64,108096.82,1585492757
,,2025-06-12,,,,71,Greed,105726.04,108843.81,105721.73,1937273976
Micha.Stocks,@Micha.Stocks,2025-06-13,27522,,1,61,Greed,106121.08,106224.76,102773.14,2853509530
,,2025-06-14,,,,63,Greed,105481.13,106260.08,104386.29,792948934
,,2025-06-15,,,,60,Greed,105625.23,106189.63,104546.11,693686973
Micha.Stocks,@Micha.Stocks,2025-06-16,17840,,1,61,Greed,106855.39,109014.33,105016.81,1846109491
Micha.Stocks,@Micha.Stocks,2025-06-17,12025,,1,68,Greed,104598.68,107795.31,103378.64,2383744169
Micha.Stocks,@Micha.Stocks,2025-06-18,15281,,1,52,Neutral,104927.87,105579.84,103547.15,1945024806
,,2025-06-19,,,,57,Greed,104699.72,105264.38,103951.44,1036540458
,,2025-06-20,,,,54,Neutral,103313.31,106559.45,102367.77,1845670588
,,2025-06-21,,,,49,Neutral,102165.68,104021.01,100925.53,1151399558
Micha.Stocks,@Micha.Stocks,2025-06-22,23487,,1,42,Fear,101015.42,103430.09,98264.46,3086806070
Micha.Stocks,@Micha.Stocks,2025-06-23,7194,,1,47,Neutral,105423.73,106134.09,99685.07,3606601777
Micha.Stocks,@Micha.Stocks,2025-06-24,13481,,1,65,Greed,106133.25,106358.78,104710.65,2099787247
Micha.Stocks,@Micha.Stocks,2025-06-25,20217,,1,66,Greed,107399.88,108196.78,105880.48,2128340952
Micha.Stocks,@Micha.Stocks,2025-06-26,16310,,1,74,Greed,107012.17,108330.60,106605.50,1575810933
Micha.Stocks,@Micha.Stocks,2025-06-27,23491,,1,65,Greed,107105.16,107793.99,106421.82,1799885723
,,2025-06-28,,,,65,Greed,107346.44,107591.48,106884.15,372614445
,,2025-06-29,,,,68,Greed,108391.87,108538.36,107233.58,657403121
Micha.Stocks,@Micha.Stocks,2025-06-30,23035,,1,66,Greed,107169.82,108815.66,106756.38,1530756559
Micha.Stocks,@Micha.Stocks,2025-07-01,12246,,1,64,Greed,105724.18,107574.08,105295.02,1673173145
,,2025-07-02,,,,63,Greed,108886.62,109818.47,105143.10,2124516059
Micha.Stocks,@Micha.Stocks,2025-07-03,13020,,1,73,Greed,109638.97,110584.40,108579.56,1825182142
,,2025-07-04,,,,73,Greed,108027.71,109810.02,107283.92,1130647601
,,2025-07-05,,,,67,Greed,108244.51,108444.73,107798.16,374668092
,,2025-07-06,,,,66,Greed,109233.93,109728.96,107846.02,614763573
Micha.Stocks,@Micha.Stocks,2025-07-07,21899,,1,73,Greed,108277.16,109737.83,107513.97,1447160434
Micha.Stocks,@Micha.Stocks,2025-07-08,18743,,1,65,Greed,108955.05,109248.31,107445.04,1316408875
Micha.Stocks,@Micha.Stocks,2025-07-09,13273,,1,66,Greed,111291.70,112077.21,108341.92,2177951433
Micha.Stocks,@Micha.Stocks,2025-07-10,16589,,1,71,Greed,116023.34,116848.31,110555.52,3616719328
Micha.Stocks,@Micha.Stocks,2025-07-11,21532,,1,71,Greed,117573.92,118890.32,115236.69,3060911543
,,2025-07-12,,,,79,Extreme Greed,117468.16,118239.99,116954.09,869899617
,,2025-07-13,,,,74,Greed,119127.66,119503.56,117264.60,1133368268
,,2025-07-14,,,,74,Greed,119869.01,123220.28,118951.55,3784774921
Micha.Stocks,@Micha.Stocks,2025-07-15,23916,,1,73,Greed,117777.90,119958.94,115709.64,5881848281
Micha.Stocks,@Micha.Stocks,2025-07-16,20604,,1,70,Greed,118700.37,120122.22,117043.92,3310853210
Micha.Stocks,@Micha.Stocks,2025-07-17,14591,,1,74,Greed,119282.74,121020.95,117485.98,3000532789
Micha.Stocks,@Micha.Stocks,2025-07-18,22185,,1,73,Greed,118025.92,120911.16,116902.92,3096339405
,,2025-07-19,,,,74,Greed,117913.27,118572.53,117339.41,791893577
,,2025-07-20,,,,72,Greed,117328.61,118903.91,116533.22,1081488186
Micha.Stocks,@Micha.Stocks,2025-07-21,17424,,1,71,Greed,117441.75,119712.20,116581.70,2187836281
,,2025-07-22,,,,72,Greed,120023.50,120298.65,116186.23,2607540535
,,2025-07-23,,,,74,Greed,118808.78,120167.50,117361.89,2029832616
,,2025-07-24,,,,71,Greed,118397.33,119555.88,117214.42,2128340081
,,2025-07-25,,,,70,Greed,117644.11,118523.27,114756.37,5546818212
,,2025-07-26,,,,72,Greed,117971.27,118355.11,117143.68,1291296799
,,2025-07-27,,,,73,Greed,119468.71,119808.28,117872.15,1228024808
,,2025-07-28,,,,75,Greed,118059.92,119835.44,117403.28,2142740462
,,2025-07-29,,,,73,Greed,117942.11,119285.96,116933.73,2073820445
,,2025-07-30,,,,74,Greed,117853.30,118800.10,115769.47,2153325010
Micha.Stocks,@Micha.Stocks,2025-07-31,20766,,1,72,Greed,115765.36,118927.15,115493.77,1991848800
,,2025-08-01,,,,65,Greed,113263.48,116060.68,112682.82,3851719229
,,2025-08-02,,,,55,Greed,112546.32,114033.98,112006.36,1407609649
,,2025-08-03,,,,53,Neutral,114238.83,114803.51,111925.95,947196437
,,2025-08-04,,,,64,Greed,115065.90,115744.56,114140.41,1662390457
,,2025-08-05,,,,60,Greed,114127.63,115111.39,112629.49,1925704360
,,2025-08-06,,,,54,Neutral,115038.45,115748.22,113364.73,1659630183
Micha.Stocks,@Micha.Stocks,2025-08-07,24625,,1,62,Greed,117522.28,117690.87,114288.63,1904030479
,,2025-08-08,,,,74,Greed,116692.86,117698.38,115895.35,1702088353
,,2025-08-09,,,,67,Greed,116501.28,117940.29,116360.05,926558904
,,2025-08-10,,,,69,Greed,119311.70,119320.76,116496.35,1248946431
,,2025-08-11,,,,70,Greed,118714.58,122309.71,118106.91,3086540255
,,2025-08-12,,,,68,Greed,120128.24,120325.99,118214.28,2172908090
,,2025-08-13,,,,73,Greed,123374.56,123735.38,118948.18,3321096940
Micha.Stocks,@Micha.Stocks,2025-08-14,22494,,1,75,Greed,118391.59,124532.70,117241.12,4249355542
Micha.Stocks,@Micha.Stocks,2025-08-15,18878,,1,60,Greed,117440.09,119335.93,116865.92,2327158152
,,2025-08-16,,,,56,Greed,117469.52,118000.57,117242.73,753827490
,,2025-08-17,,,,64,Greed,117488.00,118639.81,117268.69,791200442
Micha.Stocks,@Micha.Stocks,2025-08-18,21877,,1,60,Greed,116292.15,117627.66,114716.49,2634618668
Micha.Stocks,@Micha.Stocks,2025-08-19,16696,,1,56,Greed,112870.67,116789.95,112738.04,3006851750
Micha.Stocks,@Micha.Stocks,2025-08-20,13623,,1,44,Fear,114291.37,114642.26,112387.14,2610717314
Micha.Stocks,@Micha.Stocks,2025-08-21,19631,,1,50,Neutral,112491.84,114816.84,111993.84,2256735255
Micha.Stocks,@Micha.Stocks,2025-08-22,34542,,1,50,Neutral,116909.79,117428.10,111675.14,3261042644
,,2025-08-23,,,,60,Greed,115391.76,117003.31,114533.54,955311764
,,2025-08-24,,,,53,Neutral,113486.67,115626.28,110860.71,1932434686
,,2025-08-25,,,,47,Neutral,110150.15,113648.57,109292.22,3708998747
Micha.Stocks,@Micha.Stocks,2025-08-26,20021,,1,48,Neutral,111805.93,112407.53,108701.29,2999152225
Micha.Stocks,@Micha.Stocks,2025-08-27,21210,,1,51,Neutral,111276.98,112669.11,110381.63,2440706984
Micha.Stocks,@Micha.Stocks,2025-08-28,19783,,2,48,Neutral,112582.21,113487.65,110887.39,1898278606
Micha.Stocks,@Micha.Stocks,2025-08-29,19732,,1,50,Neutral,108393.15,112646.73,107512.41,3185827655
,,2025-08-30,,,,39,Fear,108833.53,108937.23,107381.29,1049906248
,,2025-08-31,,,,48,Neutral,108273.72,109510.25,108095.95,990157825
,,2025-09-01,,,,46,Fear,109256.28,109913.29,107271.39,2365084072
Micha.Stocks,@Micha.Stocks,2025-09-02,16458,,1,49,Neutral,111245.94,111796.23,108420.77,2993969176
Micha.Stocks,@Micha.Stocks,2025-09-03,13408,,1,55,Greed,111751.51,112601.73,110556.54,2132239040
Micha.Stocks,@Micha.Stocks,2025-09-04,18570,,1,51,Neutral,110732.33,112225.93,109345.22,2162838408
Micha.Stocks,@Micha.Stocks,2025-09-05,20612,,1,48,Neutral,110676.99,113400.39,110217.27,3163045481
,,2025-09-06,,,,48,Neutral,110230.16,111320.30,110019.89,734143439
,,2025-09-07,,,,44,Fear,111143.24,111607.85,110215.70,720954382
Micha.Stocks,@Micha.Stocks,2025-09-08,21445,,2,51,Neutral,112089.06,112937.76,110628.16,1829788896
Micha.Stocks,@Micha.Stocks,2025-09-09,15090,,1,48,Neutral,111549.14,113293.12,110777.59,2108163610
,,2025-09-10,,,,49,Neutral,113988.20,114341.92,110940.58,2661952162
Micha.Stocks,@Micha.Stocks,2025-09-11,23140,,1,54,Neutral,115537.84,115543.74,113457.52,2096575533
Micha.Stocks,@Micha.Stocks,2025-09-12,23965,,1,57,Greed,116116.26,116816.49,114785.30,2412089976
,,2025-09-13,,,,52,Neutral,115971.92,116361.05,115207.42,820638135
,,2025-09-14,,,,55,Greed,115351.87,116227.37,115203.80,843593558
Micha.Stocks,@Micha.Stocks,2025-09-15,22847,,2,53,Neutral,115401.06,116808.07,114427.70,2137738674
Micha.Stocks,@Micha.Stocks,2025-09-16,19608,,1,52,Neutral,116838.31,117006.56,114765.74,1890323068
Micha.Stocks,@Micha.Stocks,2025-09-17,32134,,1,53,Neutral,116488.17,117331.11,114742.84,2750924038
Micha.Stocks,@Micha.Stocks,2025-09-18,15010,,1,52,Neutral,117126.46,117981.11,116134.78,2253362090
Micha.Stocks,@Micha.Stocks,2025-09-19,26041,,1,53,Neutral,115701.97,117510.96,115150.85,1947524484
,,2025-09-20,,,,48,Neutral,115756.07,116202.27,115488.37,694697640
,,2025-09-21,,,,49,Neutral,115299.83,115900.98,115262.90,626782372
Micha.Stocks,@Micha.Stocks,2025-09-22,21365,,1,45,Fear,112747.85,115439.04,112027.44,3197786130
Micha.Stocks,@Micha.Stocks,2025-09-23,21352,,1,43,Fear,112043.66,113372.59,111518.32,2080069064
Micha.Stocks,@Micha.Stocks,2025-09-24,21148,,1,44,Fear,113360.69,114013.40,111118.70,1988342352
Micha.Stocks,@Micha.Stocks,2025-09-25,18054,,1,44,Fear,109061.11,113559.70,108664.26,3874673082
Micha.Stocks,@Micha.Stocks,2025-09-26,21426,,1,28,Fear,109723.94,110387.27,108695.14,3057709370
,,2025-09-27,,,,33,Fear,109727.42,109822.37,109156.33,778286679
,,2025-09-28,,,,37,Fear,112226.65,112406.99,109280.14,1316899924
Micha.Stocks,@Micha.Stocks,2025-09-29,21802,,1,50,Neutral,114407.08,114496.59,111625.37,2209223704
Micha.Stocks,@Micha.Stocks,2025-09-30,17726,,1,50,Neutral,114078.18,114866.53,112727.79,2612642607
Micha.Stocks,@Micha.Stocks,2025-10-01,20879,,1,49,Neutral,118666.73,118722.74,114004.91,3288729605
Micha.Stocks,@Micha.Stocks,2025-10-02,19752,,1,64,Greed,120630.71,121107.24,118356.65,3348607183
Micha.Stocks,@Micha.Stocks,2025-10-03,29119,,1,63,Greed,122318.86,123996.37,119348.63,4338240509
,,2025-10-04,,,,71,Greed,122455.39,122898.15,121598.23,1218962840
,,2025-10-05,,,,74,Greed,123535.21,125748.81,122213.36,2703677561
Micha.Stocks,@Micha.Stocks,2025-10-06,17875,,1,71,Greed,124723.00,126287.29,123143.47,3478551799
Micha.Stocks,@Micha.Stocks,2025-10-07,23867,,1,70,Greed,121414.53,125225.23,120661.76,3568433458
Micha.Stocks,@Micha.Stocks,2025-10-08,26029,,1,60,Greed,123358.65,124254.95,121116.33,3098621662
Micha.Stocks,@Micha.Stocks,2025-10-09,22992,,1,70,Greed,121713.94,123818.95,119741.93,3266509707
Micha.Stocks,@Micha.Stocks,2025-10-10,27673,,1,64,Greed,112998.91,122586.57,105833.75,7411664103
,,2025-10-11,,,,27,Fear,110779.65,113462.03,109711.01,4260858252
,,2025-10-12,,,,24,Extreme Fear,115084.73,115849.48,109708.26,4154852091
Micha.Stocks,@Micha.Stocks,2025-10-13,25203,,2,38,Fear,115279.04,116064.34,113754.71,3475980079
Micha.Stocks,@Micha.Stocks,2025-10-14,17752,,1,38,Fear,113097.76,115514.54,109983.29,4415300610
Micha.Stocks,@Micha.Stocks,2025-10-15,26201,,1,34,Fear,110819.47,113679.91,110229.66,3370232022
Micha.Stocks,@Micha.Stocks,2025-10-16,24997,,1,28,Fear,108212.40,112027.41,107501.51,4931780713
Micha.Stocks,@Micha.Stocks,2025-10-17,26980,,1,22,Extreme Fear,106485.41,109278.91,103552.05,5124514045
,,2025-10-18,,,,23,Extreme Fear,107228.76,107544.75,106382.73,1263875182
,,2025-10-19,,,,29,Fear,108701.79,109508.08,106146.21,1956837354
Micha.Stocks,@Micha.Stocks,2025-10-20,16595,,1,29,Fear,110583.29,111743.25,107486.38,3024980669
Micha.Stocks,@Micha.Stocks,2025-10-21,24050,,1,34,Fear,108387.11,114069.11,107500.34,4507488183
Micha.Stocks,@Micha.Stocks,2025-10-22,20777,,1,25,Extreme Fear,107604.16,109181.59,106750.91,3715585780
,,2025-10-23,,,,27,Fear,110114.95,111341.37,107527.17,2450418379
Micha.Stocks,@Micha.Stocks,2025-10-24,28164,,1,30,Fear,111046.29,111967.35,109742.29,2193655220
,,2025-10-25,,,,37,Fear,111671.84,111960.99,110709.35,663139262
,,2025-10-26,,,,40,Fear,114559.89,115420.91,111281.45,1502383516
Micha.Stocks,@Micha.Stocks,2025-10-27,24316,,1,51,Neutral,114115.08,116395.50,113855.65,2184835505
Micha.Stocks,@Micha.Stocks,2025-10-28,25732,,1,50,Neutral,112930.68,116105.23,112249.30,2354798942
Micha.Stocks,@Micha.Stocks,2025-10-29,27591,,3,51,Neutral,110064.53,113669.50,109339.16,2800964736
Micha.Stocks,@Micha.Stocks,2025-10-30,24681,,2,34,Fear,108326.41,111617.77,106319.98,3623082463
,,2025-10-31,,,,29,Fear,109580.94,111081.78,108295.99,2677616193
,,2025-11-01,,,,33,Fear,110104.40,110513.95,109378.81,701873036
,,2025-11-02,,,,37,Fear,110564.52,111199.60,109485.51,1233024893
Micha.Stocks,@Micha.Stocks,2025-11-03,24544,,2,42,Fear,106580.38,110748.58,105315.16,3707370586
Micha.Stocks,@Micha.Stocks,2025-11-04,27454,,1,21,Extreme Fear,101493.23,107289.91,98932.13,5883230356
,,2025-11-05,,,,23,Extreme Fear,104336.70,104538.07,98978.04,3142449685